{"cameraMode":{"drawMode":0,"name":"Shaded","section":"Shading Mode"},"sceneLighting":true,"audioPlay":false,"sceneViewState":{"showFog":false,"showMaterialUpdate":false,"showSkybox":false,"showFlares":false,"showImageEffects":false,"showParticleSystems":false},"in2DMode":false,"pivot":{"x":37.89168167114258,"y":2.256944179534912,"z":43.60173416137695},"rotation":{"x":0.1277129203081131,"y":0.8711657524108887,"z":-0.3104313611984253,"w":0.35840994119644167},"size":7.329775333404541,"orthographic":false}