{"cameraMode":{"drawMode":0,"name":"Shaded","section":"Shading Mode"},"sceneLighting":false,"audioPlay":false,"sceneViewState":{"showFog":false,"showMaterialUpdate":false,"showSkybox":false,"showFlares":false,"showImageEffects":false,"showParticleSystems":false},"in2DMode":false,"pivot":{"x":0.914825439453125,"y":9.11669921875,"z":-3.99609375},"rotation":{"x":-0.01392471231520176,"y":-0.9696376323699951,"z":0.23760679364204408,"w":-0.057056982070207599},"size":27.85482406616211,"orthographic":true}