{"cameraMode":{"drawMode":0,"name":"Shaded","section":"Shading Mode"},"sceneLighting":false,"audioPlay":false,"sceneViewState":{"showFog":false,"showMaterialUpdate":false,"showSkybox":false,"showFlares":false,"showImageEffects":false,"showParticleSystems":false},"in2DMode":false,"pivot":{"x":0.8247140645980835,"y":-0.18550443649291993,"z":-0.3216128349304199},"rotation":{"x":0.2933639585971832,"y":0.15399865806102754,"z":-0.047955892980098727,"w":0.9423287510871887},"size":6.714384078979492,"orthographic":false}