{"cameraMode":{"drawMode":0,"name":"Shaded","section":"Shading Mode"},"sceneLighting":false,"audioPlay":false,"sceneViewState":{"showFog":false,"showMaterialUpdate":false,"showSkybox":false,"showFlares":false,"showImageEffects":false,"showParticleSystems":false},"in2DMode":false,"pivot":{"x":-12.965133666992188,"y":42.4210205078125,"z":-13.679291725158692},"rotation":{"x":-0.2981416881084442,"y":-0.10936533659696579,"z":0.03442033752799034,"w":-0.9476463794708252},"size":17.598608016967775,"orthographic":false}