{"cameraMode":{"drawMode":0,"name":"Shaded","section":"Shading Mode"},"sceneLighting":false,"audioPlay":false,"sceneViewState":{"showFog":false,"showMaterialUpdate":false,"showSkybox":false,"showFlares":false,"showImageEffects":false,"showParticleSystems":false},"in2DMode":false,"pivot":{"x":0.14844602346420289,"y":0.2582029402256012,"z":-0.0007629990577697754},"rotation":{"x":0.07722315937280655,"y":0.922046959400177,"z":-0.28705400228500368,"w":0.2480575442314148},"size":2.493262767791748,"orthographic":false}