{"cameraMode":{"drawMode":0,"name":"Shaded","section":"Shading Mode"},"sceneLighting":false,"audioPlay":false,"sceneViewState":{"showFog":false,"showMaterialUpdate":false,"showSkybox":false,"showFlares":false,"showImageEffects":false,"showParticleSystems":false},"in2DMode":false,"pivot":{"x":-0.016780316829681398,"y":0.698986291885376,"z":-0.004172205924987793},"rotation":{"x":0.07722315937280655,"y":0.922046959400177,"z":-0.28705400228500368,"w":0.2480575442314148},"size":4.189441204071045,"orthographic":false}