{"cameraMode":{"drawMode":0,"name":"Shaded","section":"Shading Mode"},"sceneLighting":false,"audioPlay":false,"sceneViewState":{"showFog":false,"showMaterialUpdate":false,"showSkybox":false,"showFlares":false,"showImageEffects":false,"showParticleSystems":false},"in2DMode":false,"pivot":{"x":0.001566469669342041,"y":1.2242311239242554,"z":0.09823155403137207},"rotation":{"x":-0.16060101985931397,"y":0.8247113227844238,"z":-0.2883034646511078,"w":-0.4593488574028015},"size":5.508214473724365,"orthographic":false}