{"cameraMode":{"drawMode":0,"name":"Shaded","section":"Shading Mode"},"sceneLighting":false,"audioPlay":false,"sceneViewState":{"showFog":false,"showMaterialUpdate":false,"showSkybox":false,"showFlares":false,"showImageEffects":false,"showParticleSystems":false},"in2DMode":false,"pivot":{"x":2.5919246673583986,"y":4.506808757781982,"z":1.6212882995605469},"rotation":{"x":-0.05235392600297928,"y":-0.2640233039855957,"z":0.014355895109474659,"w":-0.9630281329154968},"size":2.8578836917877199,"orthographic":false}