{"cameraMode":{"drawMode":0,"name":"Shaded","section":"Shading Mode"},"sceneLighting":false,"audioPlay":false,"sceneViewState":{"showFog":false,"showMaterialUpdate":false,"showSkybox":false,"showFlares":false,"showImageEffects":false,"showParticleSystems":false},"in2DMode":false,"pivot":{"x":0.0,"y":0.21712853014469148,"z":0.004999997094273567},"rotation":{"x":0.07722315937280655,"y":0.922046959400177,"z":-0.28705400228500368,"w":0.2480575442314148},"size":0.890762209892273,"orthographic":false}