{"cameraMode":{"drawMode":0,"name":"Shaded","section":"Shading Mode"},"sceneLighting":true,"audioPlay":false,"sceneViewState":{"showFog":false,"showMaterialUpdate":false,"showSkybox":false,"showFlares":false,"showImageEffects":false,"showParticleSystems":false},"in2DMode":false,"pivot":{"x":0.30038368701934817,"y":8.014779090881348,"z":48.17694091796875},"rotation":{"x":-0.30837276577949526,"y":-0.4298497140407562,"z":0.15901269018650056,"w":-0.8336199522018433},"size":22.0,"orthographic":false}