{"cameraMode":{"drawMode":0,"name":"Shaded","section":"Shading Mode"},"sceneLighting":false,"audioPlay":false,"sceneViewState":{"showFog":false,"showMaterialUpdate":false,"showSkybox":false,"showFlares":false,"showImageEffects":false,"showParticleSystems":false},"in2DMode":false,"pivot":{"x":0.5167579650878906,"y":2.04617977142334,"z":-1.4037094116210938},"rotation":{"x":-0.16060101985931397,"y":0.8247113227844238,"z":-0.2883034646511078,"w":-0.4593488574028015},"size":24.62721824645996,"orthographic":false}