{"cameraMode":{"drawMode":0,"name":"Shaded","section":"Shading Mode"},"sceneLighting":false,"audioPlay":false,"sceneViewState":{"showFog":false,"showMaterialUpdate":false,"showSkybox":false,"showFlares":false,"showImageEffects":false,"showParticleSystems":false},"in2DMode":false,"pivot":{"x":371.36834716796877,"y":251.63726806640626,"z":-43.530609130859378},"rotation":{"x":-0.13595221936702729,"y":-0.0792534276843071,"z":0.01092209480702877,"w":-0.987520694732666},"size":83.02983856201172,"orthographic":false}