{"cameraMode":{"drawMode":0,"name":"Shaded","section":"Shading Mode"},"sceneLighting":false,"audioPlay":false,"sceneViewState":{"showFog":false,"showMaterialUpdate":false,"showSkybox":false,"showFlares":false,"showImageEffects":false,"showParticleSystems":false},"in2DMode":false,"pivot":{"x":0.000050129368901252747,"y":0.007906198501586914,"z":-0.0010770787484943867},"rotation":{"x":0.07722315937280655,"y":0.922046959400177,"z":-0.28705400228500368,"w":0.2480575442314148},"size":0.029088318347930909,"orthographic":false}