{"cameraMode":{"drawMode":0,"name":"Shaded","section":"Shading Mode"},"sceneLighting":false,"audioPlay":false,"sceneViewState":{"showFog":false,"showMaterialUpdate":false,"showSkybox":false,"showFlares":false,"showImageEffects":false,"showParticleSystems":false},"in2DMode":false,"pivot":{"x":-0.12668967247009278,"y":2.4014618396759035,"z":-2.0407581329345705},"rotation":{"x":0.017782142385840417,"y":0.9818132519721985,"z":-0.14719343185424806,"w":0.11868652701377869},"size":13.047016143798829,"orthographic":false}