{"cameraMode":{"drawMode":0,"name":"Shaded","section":"Shading Mode"},"sceneLighting":false,"audioPlay":false,"sceneViewState":{"showFog":false,"showMaterialUpdate":false,"showSkybox":false,"showFlares":false,"showImageEffects":false,"showParticleSystems":false},"in2DMode":false,"pivot":{"x":-0.8700606822967529,"y":2.8606364727020265,"z":-0.46138620376586916},"rotation":{"x":-0.05875753238797188,"y":0.9394426345825195,"z":-0.2064356952905655,"w":-0.26728373765945437},"size":7.000357151031494,"orthographic":false}