{"cameraMode":{"drawMode":0,"name":"Shaded","section":"Shading Mode"},"sceneLighting":true,"audioPlay":false,"sceneViewState":{"showFog":false,"showMaterialUpdate":false,"showSkybox":false,"showFlares":false,"showImageEffects":false,"showParticleSystems":false},"in2DMode":false,"pivot":{"x":7.54190731048584,"y":1.5741257667541505,"z":30.320636749267579},"rotation":{"x":0.1277129203081131,"y":0.8711657524108887,"z":-0.3104313611984253,"w":0.35840994119644167},"size":23.39278793334961,"orthographic":false}