{"cameraMode":{"drawMode":0,"name":"Shaded","section":"Shading Mode"},"sceneLighting":false,"audioPlay":false,"sceneViewState":{"showFog":false,"showMaterialUpdate":false,"showSkybox":false,"showFlares":false,"showImageEffects":false,"showParticleSystems":false},"in2DMode":false,"pivot":{"x":2.0799999237060549,"y":0.009207725524902344,"z":-0.28404951095581057},"rotation":{"x":0.13849157094955445,"y":0.18016676604747773,"z":-0.025637682527303697,"w":0.9735328555107117},"size":4.041658401489258,"orthographic":false}