{"cameraMode":{"drawMode":0,"name":"Shaded","section":"Shading Mode"},"sceneLighting":true,"audioPlay":false,"sceneViewState":{"showFog":false,"showMaterialUpdate":false,"showSkybox":false,"showFlares":false,"showImageEffects":false,"showParticleSystems":false},"in2DMode":false,"pivot":{"x":2.5919246673583986,"y":4.506808757781982,"z":1.6212882995605469},"rotation":{"x":0.40009739995002749,"y":-0.047241680324077609,"z":-0.020665332674980165,"w":-0.9150614142417908},"size":3.157883644104004,"orthographic":false}