{"cameraMode":{"drawMode":0,"name":"Shaded","section":"Shading Mode"},"sceneLighting":true,"audioPlay":false,"sceneViewState":{"showFog":false,"showMaterialUpdate":false,"showSkybox":false,"showFlares":false,"showImageEffects":false,"showParticleSystems":false},"in2DMode":false,"pivot":{"x":366.06280517578127,"y":201.14886474609376,"z":54.44927978515625},"rotation":{"x":0.13997115194797517,"y":0.8567806482315064,"z":-0.30820536613464358,"w":0.3891148567199707},"size":1261.8402099609375,"orthographic":false}