{"cameraMode":{"drawMode":0,"name":"Shaded","section":"Shading Mode"},"sceneLighting":false,"audioPlay":false,"sceneViewState":{"showFog":false,"showMaterialUpdate":false,"showSkybox":false,"showFlares":false,"showImageEffects":false,"showParticleSystems":false},"in2DMode":false,"pivot":{"x":0.014817535877227784,"y":1.6317929029464722,"z":0.0},"rotation":{"x":0.07722315937280655,"y":0.922046959400177,"z":-0.28705400228500368,"w":0.2480575442314148},"size":6.2093987464904789,"orthographic":false}