{"cameraMode":{"drawMode":0,"name":"Shaded","section":"Shading Mode"},"sceneLighting":false,"audioPlay":false,"sceneViewState":{"showFog":false,"showMaterialUpdate":false,"showSkybox":false,"showFlares":false,"showImageEffects":false,"showParticleSystems":false},"in2DMode":false,"pivot":{"x":3.355891227722168,"y":-0.8132972717285156,"z":-1.2342934608459473},"rotation":{"x":0.13849157094955445,"y":0.18016676604747773,"z":-0.025637682527303697,"w":0.9735328555107117},"size":8.3503999710083,"orthographic":false}